{
 "Device" : "GW1NR-9C",
 "Files" : [
  {
   "Path" : "C:/DDS_Function_Gen/DDSFG/src/Btn_if.v",
   "Type" : "verilog"
  },
  {
   "Path" : "C:/DDS_Function_Gen/DDSFG/src/DDS_Top.v",
   "Type" : "verilog"
  },
  {
   "Path" : "C:/DDS_Function_Gen/DDSFG/src/Reset_Gen.v",
   "Type" : "verilog"
  },
  {
   "Path" : "C:/DDS_Function_Gen/DDSFG/src/clk_div.v",
   "Type" : "verilog"
  },
  {
   "Path" : "C:/DDS_Function_Gen/DDSFG/src/gowin_rpll/pll_module.v",
   "Type" : "verilog"
  }
 ],
 "IncludePath" : [

 ],
 "LoopLimit" : 2000,
 "ResultFile" : "C:/DDS_Function_Gen/DDSFG/impl/temp/rtl_parser.result",
 "Top" : "",
 "VerilogStd" : "verilog_2001",
 "VhdlStd" : "vhdl_93"
}